{"cameraMode":{"drawMode":0,"name":"Shaded","section":"Shading Mode"},"sceneLighting":false,"audioPlay":false,"sceneViewState":{"showFog":true,"showMaterialUpdate":false,"showSkybox":false,"showFlares":true,"showImageEffects":true,"showParticleSystems":true},"in2DMode":false,"pivot":{"x":5.0,"y":2.6600000858306886,"z":-124.0999984741211},"rotation":{"x":0.007262738421559334,"y":0.6794070601463318,"z":-0.006725385319441557,"w":0.733694851398468},"size":8.573651313781739,"orthographic":false}